,DatGeracaoConjuntoDados,NomAgente,IdeEmpresaProponenteProjeto,DscCodProjeto,DscTituloProjeto,DscTipologia,VlrCustoTotal,VlrRcbGlobal,VlrEnergiaEconomizadaTotal,VlrRetiradaDemandaPontaTotal,DscObjetivo,DscJustificativa,DatInicioProjeto,DatConclusaoProjeto,DscMetodologiaMv,Score,Address,Latitude,Longitude,Estado,Capital
0,2024-04-01,ESPÍRITO SANTO DISTRIBUIÇÃO DE ENERGIA S/A.,693,PE-00380-0009/2006,Ind - CVRD,Industrial,797.58,,2370.0,356.0,,Diagnóstico Energético.,2005-01-01,2006-12-31,,10.0,"EDP - Espírito Santo Distribuição de Energia S. A., 14, Rua Sergipe, Centro, Mucurici, Região Geográfica Imediata de São Mateus, Região Geográfica Intermediária de São Mateus, Espírito Santo, Região Sudeste, 29880-000, Brasil",-18.0946619,-40.5178891,Espírito Santo,
1,2024-04-01,COMPANHIA PAULISTA DE FORÇA E LUZ,1559,PE-00063-0058/2005,Educacional,Educacional,111250.0,,126000.0,3738.0,,,2004-01-01,2005-12-31,,4.045373755840963,"Companhia Paulista de Força e Luz, Avenida Sete de Setembro, Vila Pavani, Nova Granada, Região Imediata de São José do Rio Preto, Região Metropolitana de São José do Rio Preto, Região Geográfica Intermediária de São José do Rio Preto, São Paulo, Região Sudeste, 15440-000, Brasil",-20.5356207,-49.3242102,São Paulo,
2,2024-04-01,ELEKTRO REDES S.A.,540,PE-00385-0010/2000,Eficientização Energética,Industrial,397253.78,0.36,397253.78,230.0,,Não apresentou RF. Não são calculados o RIRP e o REL.,1999-01-01,2000-12-31,,3.607413226523052,"Tecnologia Avanzada en Redes. S.A, Carretera a San José Pinula, Condominio Cañadas del Pajon 2, Fraijanes, Santa Catarina Pinula, Departamento de Guatemala, 01052, Guatemala",14.5442807,-90.44272761967392,Departamento de Guatemala,
3,2024-04-01,ELEKTRO REDES S.A.,635,PE-00385-0017/2001,Eficientização Energética,Industrial,378229.26,0.36,378229.26,87.49,,Não apresentou RF. A RCB uiliza 12%.,2000-01-01,2001-12-31,,3.6064937988488763,"Tecnologia Avanzada en Redes. S.A, Carretera a San José Pinula, Condominio Cañadas del Pajon 2, Fraijanes, Santa Catarina Pinula, Departamento de Guatemala, 01052, Guatemala",14.5442807,-90.44272761967392,Departamento de Guatemala,
4,2024-04-01,ELEKTRO REDES S.A.,596,PE-00385-0014/2006,Eficientização Energética,Industrial,577224.39,0.36,577224.39,128.61,,Projeto a ser compensado no ciclo 2000/2001,2005-01-01,2006-12-31,,3.6064713250345815,"Tecnologia Avanzada en Redes. S.A, Carretera a San José Pinula, Condominio Cañadas del Pajon 2, Fraijanes, Santa Catarina Pinula, Departamento de Guatemala, 01052, Guatemala",14.5442807,-90.44272761967392,Departamento de Guatemala,
5,2024-04-01,ELEKTRO REDES S.A.,765,PE-00385-0019/2003,Eficientização Energética,Industrial,484792.0,0.81,484792.0,86.6,,Não apresentou RF.,2002-01-01,2003-12-31,,3.6063544926264948,"Tecnologia Avanzada en Redes. S.A, Carretera a San José Pinula, Condominio Cañadas del Pajon 2, Fraijanes, Santa Catarina Pinula, Departamento de Guatemala, 01052, Guatemala",14.5442807,-90.44272761967392,Departamento de Guatemala,
6,2024-04-01,ELEKTRO REDES S.A.,595,PE-00385-0013/2000,Eficientização Energética,Industrial,661617.46,0.36,661617.46,69.7,,Projeto a ser compensado no ciclo 2000/2001,1999-01-01,2000-12-31,,3.6061606961415484,"Tecnologia Avanzada en Redes. S.A, Carretera a San José Pinula, Condominio Cañadas del Pajon 2, Fraijanes, Santa Catarina Pinula, Departamento de Guatemala, 01052, Guatemala",14.5442807,-90.44272761967392,Departamento de Guatemala,
7,2024-04-01,ELEKTRO REDES S.A.,765,PE-00385-0019/2003,Eficientização Energética,Industrial,484792.0,0.36,332355.28,75.0,,Não apresentou RF.,2002-01-01,2003-12-31,,2.7747283133542036,"Tecnologia Avanzada en Redes. S.A, Carretera a San José Pinula, Condominio Cañadas del Pajon 2, Fraijanes, Santa Catarina Pinula, Departamento de Guatemala, 01052, Guatemala",14.5442807,-90.44272761967392,Departamento de Guatemala,
8,2024-04-01,COPEL DISTRIBUICAO S.A.,240,PE-02866-0073/2006,Eficientização Energética no Campus Universitário do Centro Politécnico da Universidade Federal do Paraná,Poder Público,2917.68,0.61,349.96,87.02,,"A ANEEL, através do Ofício nº 107/2007-SPE/ANEEL autorizou a reapresentação destes Projetos, a transferência de seus percentuais para o Ciclo 2006/2007 com aproveitamento das metas físicas e financeiras já realizadas.",2005-01-01,2006-12-31,,1.3573566515884532,"Copel Distribuição S.A., Rua Vicente Machado, Guarapuava, Região Geográfica Imediata de Guarapuava, Região Geográfica Intermediária de Guarapuava, Paraná, Região Sul, 85010-050, Brasil",-25.38696195,-51.474271,Paraná,Guarapuava
9,2024-04-01,COMPANHIA PAULISTA DE FORÇA E LUZ,1573,PE-00063-0072/2006,Implantação de Sistemas de Gestão de Redes de Distribuição - GIS,Pelo Lado da Oferta/Perdas,624750.0,0.0,64000.0,15200.0,,,2005-01-01,2006-12-31,,1.2965347873168822,"Companhia Paulista de Força e Luz, Avenida Sete de Setembro, Vila Pavani, Nova Granada, Região Imediata de São José do Rio Preto, Região Metropolitana de São José do Rio Preto, Região Geográfica Intermediária de São José do Rio Preto, São Paulo, Região Sudeste, 15440-000, Brasil",-20.5356207,-49.3242102,São Paulo,
10,2024-04-01,COMPANHIA DE ELETRICIDADE DO ESTADO DA BAHIA,1426,PE-00047-0083/2000,Diagnóstico Energético nas Indústrias,Industrial,260000.0,,25300.0,2730.0,,,1999-01-01,2000-12-31,,1.2463850777242065,"Companhia de Eletricidade do Estado da Bahia, Avenida Doutor Guilherme Dias, Ginásio Industrial, Brumado, Região Geográfica Intermediária de Vitória da Conquista, Bahia, Região Nordeste, 46100-970, Brasil",-14.207599649999999,-41.669760408092785,Bahia,
11,2024-04-01,CPFL SANTA CRUZ,3806,PE-00069-0028/2020,IP Pedreira,Iluminação Pública,2256.14,0.32,205.9,35.57,Reduzir o consumo e melhorar a qualidade da energia elétrica do município de Pedreira / SP,No se aplica,2020-05-04,2020-12-28,Medio Isolada da AEE: Medio de parmetros-chave,1.2443216771762013,"CPFL Agencia de Araçoiaba da Serra, Rua Santo Antônio, Jardim Santa Cruz, Residencial Primavera, Araçoiaba da Serra, Região Imediata de Sorocaba, Região Metropolitana de Sorocaba, Região Geográfica Intermediária de Sorocaba, São Paulo, Região Sudeste, 18190-000, Brasil",-23.50748455,-47.60971348174161,São Paulo,
12,2024-04-01,COMPANHIA PAULISTA DE FORÇA E LUZ,1559,PE-00063-0058/2005,Educacional,Educacional,111250.0,,8568.0,2542.0,,,2004-01-01,2005-12-31,,1.2253802197054355,"Companhia Paulista de Força e Luz, Avenida Sete de Setembro, Vila Pavani, Nova Granada, Região Imediata de São José do Rio Preto, Região Metropolitana de São José do Rio Preto, Região Geográfica Intermediária de São José do Rio Preto, São Paulo, Região Sudeste, 15440-000, Brasil",-20.5356207,-49.3242102,São Paulo,
13,2024-04-01,COMPANHIA ENERGETICA DO CEARA,1445,PE-00039-0022/2004,Educacional,Educacional,49893.58,,3726.0,575.0,,,2003-01-01,2004-12-31,,1.1892504036320695,"Companhia Energética do Rio Grande do Norte, Rua Heráclio de Araújo Vilar, Santa Águeda, Ceará-Mirim, Região Geográfica Imediata de Natal, Região Geográfica Intermediária de Natal, Rio Grande do Norte, Região Nordeste, 59570-000, Brasil",-5.63498165,-35.4179213689158,Rio Grande do Norte,
14,2024-04-01,COMPANHIA ENERGÉTICA DE PERNAMBUCO,725,PE-00043-0002/2001,Incentivo ao uso de motores de indução trifásicos eficientes,Industrial,14736.04,,1129.0,130.0,,Relatório codificado,2000-01-01,2001-12-31,,1.1872227231477903,"Companhia Energética de Pernambuco, 111, Avenida João de Barros, Soledade, Recife, Região Geográfica Imediata do Recife, Região Metropolitana do Recife, Pernambuco, Região Nordeste, 50050-315, Brasil",-8.05378155,-34.89064484744516,Pernambuco,Recife
15,2024-04-01,COMPANHIA ENERGETICA DO CEARA,1445,PE-00039-0022/2004,Educacional,Educacional,49893.58,,4223.0,0.65,,,2003-01-01,2004-12-31,,1.1851504728269466,"Companhia Energética do Rio Grande do Norte, Rua Heráclio de Araújo Vilar, Santa Águeda, Ceará-Mirim, Região Geográfica Imediata de Natal, Região Geográfica Intermediária de Natal, Rio Grande do Norte, Região Nordeste, 59570-000, Brasil",-5.63498165,-35.4179213689158,Rio Grande do Norte,
16,2024-04-01,ELEKTRO REDES S.A.,548,PE-00385-0011/1999,Gestão Energética - Industrial,Industrial,117151.41,,7100.0,1820.0,,As informações no relatório final são insuficientes,1998-01-01,1999-12-31,,1.1626385742448495,"Tecnologia Avanzada en Redes. S.A, Carretera a San José Pinula, Condominio Cañadas del Pajon 2, Fraijanes, Santa Catarina Pinula, Departamento de Guatemala, 01052, Guatemala",14.5442807,-90.44272761967392,Departamento de Guatemala,
17,2024-04-01,COMPANHIA DE ELETRICIDADE DO ESTADO DA BAHIA,275,PE-00047-0001/2000,Diagnóstico Energético dos Consumidores Irrigantes da Região Oeste do Estado da Bahia,Rural,158000.0,,6350.0,3820.0,,"Projeto de Diagnóstico, não ão trocados equipamentos. cliente solicitou adiamento devido ao fato das chuvas, o que torna a parada de algumas unidades para troca de motores impraticável.",1999-01-01,2000-12-31,,1.1315018009285756,"Companhia de Eletricidade do Estado da Bahia, Avenida Doutor Guilherme Dias, Ginásio Industrial, Brumado, Região Geográfica Intermediária de Vitória da Conquista, Bahia, Região Nordeste, 46100-970, Brasil",-14.207599649999999,-41.669760408092785,Bahia,
18,2024-04-01,COMPANHIA PAULISTA DE FORÇA E LUZ,1571,PE-00063-0070/2005,Redes para Conexão de Cogeração,Pelo Lado da Oferta/Perdas,1197550.0,0.0,6593.7,59797.0,,,2004-01-01,2005-12-31,,1.1078899285605357,"Companhia Paulista de Força e Luz, Avenida Sete de Setembro, Vila Pavani, Nova Granada, Região Imediata de São José do Rio Preto, Região Metropolitana de São José do Rio Preto, Região Geográfica Intermediária de São José do Rio Preto, São Paulo, Região Sudeste, 15440-000, Brasil",-20.5356207,-49.3242102,São Paulo,
19,2024-04-01,COMPANHIA ENERGETICA DO CEARA,1460,PE-00039-0038/2005,Eficiêntização Energética Sec. Educação Est. Ceará- SEDUC,Poder Público,194650.99,,210.67,9236.0,,,2004-01-01,2005-12-31,,1.0896224449764595,"Companhia Energética do Rio Grande do Norte, Rua Heráclio de Araújo Vilar, Santa Águeda, Ceará-Mirim, Região Geográfica Imediata de Natal, Região Geográfica Intermediária de Natal, Rio Grande do Norte, Região Nordeste, 59570-000, Brasil",-5.63498165,-35.4179213689158,Rio Grande do Norte,
20,2024-04-01,COPEL DISTRIBUICAO S.A.,726,PE-02866-0095/2004,Substituição de Lâmpadas em Unidades Consumidoras Residenciais Classificadas como Baixa Renda,Residencial,1098803.08,0.21,37777.5,14490.0,,Projeto em andamento,2003-01-01,2004-12-31,,1.0870739633897653,"Copel Distribuição S.A., Rua Vicente Machado, Guarapuava, Região Geográfica Imediata de Guarapuava, Região Geográfica Intermediária de Guarapuava, Paraná, Região Sul, 85010-050, Brasil",-25.38696195,-51.474271,Paraná,Guarapuava
21,2024-04-01,COMPANHIA ENERGÉTICA DE PERNAMBUCO,855,PE-00043-0018/2000,Projeto de Doação de LFC's  para Residências,Residencial,3407627.06,0.08,145469.8,16606.0,,Concluído,1999-01-01,2000-12-31,,1.0870607146006277,"Companhia Energética de Pernambuco, 111, Avenida João de Barros, Soledade, Recife, Região Geográfica Imediata do Recife, Região Metropolitana do Recife, Pernambuco, Região Nordeste, 50050-315, Brasil",-8.05378155,-34.89064484744516,Pernambuco,Recife
22,2024-04-01,COPEL DISTRIBUICAO S.A.,1511,PE-02866-0116/2007,Eficientização Energética - Mabu Thermas e Resort S.A. - Sistema de Aquecimento de Água,Comércio e Serviços,5657.92,0.34,98.55,151.76,,,2006-01-01,2007-12-31,,1.0782750792412676,"Copel Distribuição S.A., Rua Vicente Machado, Guarapuava, Região Geográfica Imediata de Guarapuava, Região Geográfica Intermediária de Guarapuava, Paraná, Região Sul, 85010-050, Brasil",-25.38696195,-51.474271,Paraná,Guarapuava
23,2024-04-01,COPEL DISTRIBUICAO S.A.,1513,PE-02866-0118/2004,Eficientização Energética  SERVOPA S.A. COMÉRCIO E INDÚSTRIA,Comércio e Serviços,4849.64,0.68,170.63,42.68,,,2003-01-01,2004-12-31,,1.0775982081464743,"Copel Distribuição S.A., Rua Vicente Machado, Guarapuava, Região Geográfica Imediata de Guarapuava, Região Geográfica Intermediária de Guarapuava, Paraná, Região Sul, 85010-050, Brasil",-25.38696195,-51.474271,Paraná,Guarapuava
24,2024-04-01,COMPANHIA PAULISTA DE FORÇA E LUZ,1587,PE-00063-0086/1999,Diagnóstico e Implementações em Instalações Industriais,Industrial,13467.89,,350.0,185.0,,,1998-01-01,1999-12-31,,1.0663307780285982,"Companhia Paulista de Força e Luz, Avenida Sete de Setembro, Vila Pavani, Nova Granada, Região Imediata de São José do Rio Preto, Região Metropolitana de São José do Rio Preto, Região Geográfica Intermediária de São José do Rio Preto, São Paulo, Região Sudeste, 15440-000, Brasil",-20.5356207,-49.3242102,São Paulo,
25,2024-04-01,COMPANHIA PAULISTA DE FORÇA E LUZ,1586,PE-00063-0085/1999,Diagnóstico e Implementações em Instalações Industriais,Industrial,13467.89,,468.35,63.1,,,1998-01-01,1999-12-31,,1.0656336870970746,"Companhia Paulista de Força e Luz, Avenida Sete de Setembro, Vila Pavani, Nova Granada, Região Imediata de São José do Rio Preto, Região Metropolitana de São José do Rio Preto, Região Geográfica Intermediária de São José do Rio Preto, São Paulo, Região Sudeste, 15440-000, Brasil",-20.5356207,-49.3242102,São Paulo,
26,2024-04-01,ESPÍRITO SANTO DISTRIBUIÇÃO DE ENERGIA S/A.,1724,PE-00380-0024/2004,Diagnóstico Energético,Comércio e Serviços,4580.0,,120.0,60.0,,,2003-01-01,2004-12-31,,1.0652124788066821,"EDP - Espírito Santo Distribuição de Energia S. A., 14, Rua Sergipe, Centro, Mucurici, Região Geográfica Imediata de São Mateus, Região Geográfica Intermediária de São Mateus, Espírito Santo, Região Sudeste, 29880-000, Brasil",-18.0946619,-40.5178891,Espírito Santo,
27,2024-04-01,COPEL DISTRIBUICAO S.A.,1512,PE-02866-0117/2004,Eficientização Energética - Mabu Thermas e Resort S.A. - Sistema de Ar Condicionado,Comércio e Serviços,8082.7,0.75,173.26,126.33,,,2003-01-01,2004-12-31,,1.0592999715477818,"Copel Distribuição S.A., Rua Vicente Machado, Guarapuava, Região Geográfica Imediata de Guarapuava, Região Geográfica Intermediária de Guarapuava, Paraná, Região Sul, 85010-050, Brasil",-25.38696195,-51.474271,Paraná,Guarapuava
28,2024-04-01,ESPÍRITO SANTO DISTRIBUIÇÃO DE ENERGIA S/A.,1737,PE-00380-0037/2000,Eficientização de Unidade Poder Público II - UFES,Poder Público,13451.0,0.84,328.0,155.0,,,1999-01-01,2000-12-31,,1.0562389607121998,"EDP - Espírito Santo Distribuição de Energia S. A., 14, Rua Sergipe, Centro, Mucurici, Região Geográfica Imediata de São Mateus, Região Geográfica Intermediária de São Mateus, Espírito Santo, Região Sudeste, 29880-000, Brasil",-18.0946619,-40.5178891,Espírito Santo,
29,2024-04-01,COPEL DISTRIBUICAO S.A.,38,PE-02866-0013/1999,Projeto Piloto - Incentivo à Aquisição de Motores de Alto Rendimento,Industrial,55092.28,,1411.81,565.63,," Elaboração dos instrumentos legais de cooperação e respectiva aprovação pelas áreas jurídicas da COPEL e instituição, tendo em vista a natureza estatal da COPEL, o que implica na observação de Leis e Decretos, que tornou mais complexa a elaboração dos termos de cooperação, Submissão desses termos à anuência do Governo do Estado, conforme disposto no Decreto nº 3.471, de 30.01.2001. Processos de licitação para aquisição de mão-de-obra e materiais. Termo de Cooperação Técnica entre a FUNDEPAR e a COPEL assinado em junho/2005 Por se tratar de entidade pública, os processos de aquisição de materiais e contratação de mão-de-obra devem ser feitos através de licitação. Pré(Concluído) Pós(Podemos considerar que foram muito positivas as alterações no sistema de iluminação da escola que além de proporcionar uma iluminação de melhor qualidade aos mestres, o resultado no aprendizado para os alunos é notório.Para finalizar, os gastos com manutenção na parte elétrica foram reduzidos, o que proporcionará maiores investimentos em outras áreas da escola.)",1998-01-01,1999-12-31,,1.056199665801173,"Copel Distribuição S.A., Rua Vicente Machado, Guarapuava, Região Geográfica Imediata de Guarapuava, Região Geográfica Intermediária de Guarapuava, Paraná, Região Sul, 85010-050, Brasil",-25.38696195,-51.474271,Paraná,Guarapuava
30,2024-04-01,COPEL DISTRIBUICAO S.A.,95,PE-02866-0051/2004,Substituição de Lâmpadas em Unidades Consumidoras Residenciais de Baixa Renda,Residencial,1747539.32,0.17,44347.5,17010.0,,"Pré(Projeto em andamento) Pós(Conforme mencionado nos itens anteriores, as dificuldades encontradas foram na sua totalidade problemas para se adequar as orientações emanadas dos órgãos do governo de SC. Quanto a problemas operacionais para a execução dos serviços de diagnósticos e projetos, algumas dificuldades foram acarretadas em função de que por se tratar a Segurança Pública de uma atividade de alto risco, nem sempre foi possível adentrar em alguns prédios, conforme cronograma de visitas elaborado e discutido com as unidades envolvidas. Fato este, que não comprometeu os trabalhos de campo com um atraso significativo.)",2003-01-01,2004-12-31,,1.0541304522287196,"Copel Distribuição S.A., Rua Vicente Machado, Guarapuava, Região Geográfica Imediata de Guarapuava, Região Geográfica Intermediária de Guarapuava, Paraná, Região Sul, 85010-050, Brasil",-25.38696195,-51.474271,Paraná,Guarapuava
31,2024-04-01,ESPÍRITO SANTO DISTRIBUIÇÃO DE ENERGIA S/A.,870,PE-00380-0018/2005,Eficiência Energética em Iluminação Pública - Município de Fundão,Iluminação Pública,3881.0,0.81,110.25,25.0,,Lâmpadas,2004-01-01,2005-12-31,,1.0534385653943639,"EDP - Espírito Santo Distribuição de Energia S. A., 14, Rua Sergipe, Centro, Mucurici, Região Geográfica Imediata de São Mateus, Região Geográfica Intermediária de São Mateus, Espírito Santo, Região Sudeste, 29880-000, Brasil",-18.0946619,-40.5178891,Espírito Santo,
32,2024-04-01,COMPANHIA DE ELETRICIDADE DO ESTADO DA BAHIA,3733,PE-00047-0134/2020,EFICIÊNCIA ENERGÉTICA EM HOSPITAIS PARA ENFRENTAMENTO DO COVID-19,Poder Público,50000.0,0.62,1478.28,176.12,"Eficientizar os usos finais iluminação, climatização, refrigeração em hospitais localizados em Salvador/BA e Recife/PE utilizados para o enfrentamento da COVID-19",Projeto de Grande Relevância,2020-04-03,2020-10-21,0,1.0487809318203536,"Companhia de Eletricidade do Estado da Bahia, Avenida Doutor Guilherme Dias, Ginásio Industrial, Brumado, Região Geográfica Intermediária de Vitória da Conquista, Bahia, Região Nordeste, 46100-970, Brasil",-14.207599649999999,-41.669760408092785,Bahia,
33,2024-04-01,COMPANHIA PAULISTA DE FORÇA E LUZ,289,PE-00063-0034/2004,Instalação de Bancos de Capacitores para melhoria do fator de potência,Pelo Lado da Oferta/Perdas,1875187.0,,50000.0,12000.0,,Execução efetuada de forma lenta devido ao local ser uma área de segurança pública e necessitar de acompanhamento direto de funcionário da polícia em conjunto com equipe de execução,2003-01-01,2004-12-31,,1.0487158099548248,"Companhia Paulista de Força e Luz, Avenida Sete de Setembro, Vila Pavani, Nova Granada, Região Imediata de São José do Rio Preto, Região Metropolitana de São José do Rio Preto, Região Geográfica Intermediária de São José do Rio Preto, São Paulo, Região Sudeste, 15440-000, Brasil",-20.5356207,-49.3242102,São Paulo,
34,2024-04-01,COMPANHIA PAULISTA DE FORÇA E LUZ,289,PE-00063-0034/2004,Instalação de Bancos de Capacitores para melhoria do fator de potência,Pelo Lado da Oferta/Perdas,1875187.0,,48931.17,11800.0,,Execução efetuada de forma lenta devido ao local ser uma área de segurança pública e necessitar de acompanhamento direto de funcionário da polícia em conjunto com equipe de execução,2003-01-01,2004-12-31,,1.0469263589345417,"Companhia Paulista de Força e Luz, Avenida Sete de Setembro, Vila Pavani, Nova Granada, Região Imediata de São José do Rio Preto, Região Metropolitana de São José do Rio Preto, Região Geográfica Intermediária de São José do Rio Preto, São Paulo, Região Sudeste, 15440-000, Brasil",-20.5356207,-49.3242102,São Paulo,
35,2024-04-01,ESPÍRITO SANTO DISTRIBUIÇÃO DE ENERGIA S/A.,503,PE-00380-0005/2005,Diagnóstico Energético,Industrial,15139.03,,336.0,87.0,,Foram realizados diagnósticos em 50 empresas do setor industrial.,2004-01-01,2005-12-31,,1.0351691772990577,"EDP - Espírito Santo Distribuição de Energia S. A., 14, Rua Sergipe, Centro, Mucurici, Região Geográfica Imediata de São Mateus, Região Geográfica Intermediária de São Mateus, Espírito Santo, Região Sudeste, 29880-000, Brasil",-18.0946619,-40.5178891,Espírito Santo,
36,2024-04-01,ESPÍRITO SANTO DISTRIBUIÇÃO DE ENERGIA S/A.,1735,PE-00380-0035/2006,Diagnóstico Energético,Poder Público,18094.95,,362.0,129.0,,,2005-01-01,2006-12-31,,1.0330366253762502,"EDP - Espírito Santo Distribuição de Energia S. A., 14, Rua Sergipe, Centro, Mucurici, Região Geográfica Imediata de São Mateus, Região Geográfica Intermediária de São Mateus, Espírito Santo, Região Sudeste, 29880-000, Brasil",-18.0946619,-40.5178891,Espírito Santo,
37,2024-04-01,COMPANHIA DE ELETRICIDADE DO ESTADO DA BAHIA,3731,PE-00047-0133/2020,EFICINCIA ENERGTICA EM HOSPITAIS PARA ENFRENTAMENTO DO COVID-19,Poder Público,50000.0,0.94,1119.43,118.75,"Eficientizar os usos finais iluminao, climatizao, refrigerao em hospitais localizados em Salvador/BA e Recife/PE utilizados para o enfrentamento da COVID-19",Projeto de Grande Relevncia,2020-04-03,2021-04-22,Simulao calibrada da abordagem de medio isolada,1.02676617884199,"Companhia de Eletricidade do Estado da Bahia, Avenida Doutor Guilherme Dias, Ginásio Industrial, Brumado, Região Geográfica Intermediária de Vitória da Conquista, Bahia, Região Nordeste, 46100-970, Brasil",-14.207599649999999,-41.669760408092785,Bahia,
38,2024-04-01,COPEL DISTRIBUIÇÃO S.A,12246,PE-02866-0296/2020,PEE_CP_002_2019_SHOPPING MUELLER,Comércio e Serviços,6741705.92,0.88,164321.0,200.57,"O projeto tem como objetivo a eficientização energética nos sistemas de climatização ambiental no Shopping Center Mueller, de Curitiba-PR.",,2020-01-09,2023-12-29,0,1.0258140063906407,"Copel Distribuição S.A., Rua Vicente Machado, Guarapuava, Região Geográfica Imediata de Guarapuava, Região Geográfica Intermediária de Guarapuava, Paraná, Região Sul, 85010-050, Brasil",-25.38696195,-51.474271,Paraná,Guarapuava
39,2024-04-01,ESPÍRITO SANTO DISTRIBUIÇÃO DE ENERGIA S/A.,1727,PE-00380-0027/2006,Eficientização de Unidade Hospitalar II - Hospital Metropolitano,Comércio e Serviços,14698.0,0.7,288.0,69.0,,,2005-01-01,2006-12-31,,1.025511068295606,"EDP - Espírito Santo Distribuição de Energia S. A., 14, Rua Sergipe, Centro, Mucurici, Região Geográfica Imediata de São Mateus, Região Geográfica Intermediária de São Mateus, Espírito Santo, Região Sudeste, 29880-000, Brasil",-18.0946619,-40.5178891,Espírito Santo,
40,2024-04-01,COMPANHIA ENERGETICA DO CEARA,1454,PE-00039-0032/2005,Eficientização energética em Prédios Públicos,Poder Público,149750.04,,3392.0,240.0,,,2004-01-01,2005-12-31,,1.0254178347603415,"Companhia Energética do Rio Grande do Norte, Rua Heráclio de Araújo Vilar, Santa Águeda, Ceará-Mirim, Região Geográfica Imediata de Natal, Região Geográfica Intermediária de Natal, Rio Grande do Norte, Região Nordeste, 59570-000, Brasil",-5.63498165,-35.4179213689158,Rio Grande do Norte,
41,2024-04-01,ESPÍRITO SANTO DISTRIBUIÇÃO DE ENERGIA S/A.,503,PE-00380-0005/2005,Diagnóstico Energético,Industrial,15139.03,,235.0,111.0,,Foram realizados diagnósticos em 50 empresas do setor industrial.,2004-01-01,2005-12-31,,1.0217182151143338,"EDP - Espírito Santo Distribuição de Energia S. A., 14, Rua Sergipe, Centro, Mucurici, Região Geográfica Imediata de São Mateus, Região Geográfica Intermediária de São Mateus, Espírito Santo, Região Sudeste, 29880-000, Brasil",-18.0946619,-40.5178891,Espírito Santo,
42,2024-04-01,COMPANHIA DE ELETRICIDADE DO ESTADO DA BAHIA,1429,PE-00047-0086/1999,Eficientização da Polystar Indústria e Comércio de Produtos,Industrial,247456.54,,4932.0,530.0,,,1998-01-01,1999-12-31,,1.019649456508417,"Companhia de Eletricidade do Estado da Bahia, Avenida Doutor Guilherme Dias, Ginásio Industrial, Brumado, Região Geográfica Intermediária de Vitória da Conquista, Bahia, Região Nordeste, 46100-970, Brasil",-14.207599649999999,-41.669760408092785,Bahia,
43,2024-04-01,COMPANHIA ENERGÉTICA DE PERNAMBUCO,1093,PE-00043-0029/2004,Projeto de Eficientização das instalações do Prédio da Prefeitura de Recife,Poder Público,89445.93,0.82,1336.32,358.4,,,2003-01-01,2004-12-31,,1.011383215786798,"Companhia Energética de Pernambuco, 111, Avenida João de Barros, Soledade, Recife, Região Geográfica Imediata do Recife, Região Metropolitana do Recife, Pernambuco, Região Nordeste, 50050-315, Brasil",-8.05378155,-34.89064484744516,Pernambuco,Recife
44,2024-04-01,COPEL DISTRIBUICAO S.A.,1538,PE-02866-0144/1999,Faurecia Automotive do Brasil Ltda,Industrial,66490.1,0.12,1103.77,147.41,,,1998-01-01,1999-12-31,,1.0110411944502053,"Copel Distribuição S.A., Rua Vicente Machado, Guarapuava, Região Geográfica Imediata de Guarapuava, Região Geográfica Intermediária de Guarapuava, Paraná, Região Sul, 85010-050, Brasil",-25.38696195,-51.474271,Paraná,Guarapuava
45,2024-04-01,COMPANHIA PAULISTA DE FORÇA E LUZ,1589,PE-00063-0088/1999,Diagnóstico e Implementações em Instalações Industriais,Industrial,13467.89,,217.0,36.0,,,1998-01-01,1999-12-31,,1.0109562307920836,"Companhia Paulista de Força e Luz, Avenida Sete de Setembro, Vila Pavani, Nova Granada, Região Imediata de São José do Rio Preto, Região Metropolitana de São José do Rio Preto, Região Geográfica Intermediária de São José do Rio Preto, São Paulo, Região Sudeste, 15440-000, Brasil",-20.5356207,-49.3242102,São Paulo,
46,2024-04-01,EMPRESA LUZ E FORÇA SANTA MARIA S.A.,317,PE-00381-0007/1999,Eficiência Energética de Lâmpadas em Consumidores de Baixa Renda da Santa Maria,Baixa Renda,91386.0,0.06,938.9,643.08,,O projeto teve por objetivo dotar as instalações da Indústria Ribeiro Chaves S.A.com modernas tecnologias nos sistemas de iluminação e condicionamento de ar,1998-01-01,1999-12-31,,1.0070569088278138,"Empresa Luz e Força Santa Maria S. A., 24, Rua Detroit, Centro, Governador Lindenberg, Região Geográfica Imediata de Colatina, Região Geográfica Intermediária de Colatina, Espírito Santo, Região Sudeste, 29720-000, Brasil",-19.2512465,-40.4593437,Espírito Santo,
47,2024-04-01,EMPRESA LUZ E FORÇA SANTA MARIA S.A.,299,PE-00381-0006/2000,Eficiência Energética de Lâmpadas em Consumidores de Baixa Renda da Santa Maria,Baixa Renda,95054.4,0.05,967.1,662.4,,"O projeto tinha por objetivo dotar as instalações da Indústria Peixoto Gonçalves, com modernas tecnologias nos sistemas de iluminação e condicionamento de ar Projeto cancelado",1999-01-01,2000-12-31,,1.006612214334977,"Empresa Luz e Força Santa Maria S. A., 24, Rua Detroit, Centro, Governador Lindenberg, Região Geográfica Imediata de Colatina, Região Geográfica Intermediária de Colatina, Espírito Santo, Região Sudeste, 29720-000, Brasil",-19.2512465,-40.4593437,Espírito Santo,
48,2024-04-01,EMPRESA LUZ E FORÇA SANTA MARIA S.A.,299,PE-00381-0006/2000,Eficiência Energética de Lâmpadas em Consumidores de Baixa Renda da Santa Maria,Baixa Renda,95054.4,0.06,936.88,641.7,,"O projeto tinha por objetivo dotar as instalações da Indústria Peixoto Gonçalves, com modernas tecnologias nos sistemas de iluminação e condicionamento de ar Projeto cancelado",1999-01-01,2000-12-31,,1.0051955169655933,"Empresa Luz e Força Santa Maria S. A., 24, Rua Detroit, Centro, Governador Lindenberg, Região Geográfica Imediata de Colatina, Região Geográfica Intermediária de Colatina, Espírito Santo, Região Sudeste, 29720-000, Brasil",-19.2512465,-40.4593437,Espírito Santo,
49,2024-04-01,COPEL DISTRIBUICAO S.A.,1538,PE-02866-0144/1999,Faurecia Automotive do Brasil Ltda,Industrial,66490.1,0.15,973.59,130.02,,,1998-01-01,1999-12-31,,1.0051716825310957,"Copel Distribuição S.A., Rua Vicente Machado, Guarapuava, Região Geográfica Imediata de Guarapuava, Região Geográfica Intermediária de Guarapuava, Paraná, Região Sul, 85010-050, Brasil",-25.38696195,-51.474271,Paraná,Guarapuava
50,2024-04-01,COPEL DISTRIBUICAO S.A.,726,PE-02866-0095/2004,Substituição de Lâmpadas em Unidades Consumidoras Residenciais Classificadas como Baixa Renda,Residencial,1098803.08,,11826.0,4536.0,,Projeto em andamento,2003-01-01,2004-12-31,,1.0006563894635434,"Copel Distribuição S.A., Rua Vicente Machado, Guarapuava, Região Geográfica Imediata de Guarapuava, Região Geográfica Intermediária de Guarapuava, Paraná, Região Sul, 85010-050, Brasil",-25.38696195,-51.474271,Paraná,Guarapuava
51,2024-04-01,COPEL DISTRIBUICAO S.A.,95,PE-02866-0051/2004,Substituição de Lâmpadas em Unidades Consumidoras Residenciais de Baixa Renda,Residencial,1747539.32,0.07,17562.59,8232.46,,"Pré(Projeto em andamento) Pós(Conforme mencionado nos itens anteriores, as dificuldades encontradas foram na sua totalidade problemas para se adequar as orientações emanadas dos órgãos do governo de SC. Quanto a problemas operacionais para a execução dos serviços de diagnósticos e projetos, algumas dificuldades foram acarretadas em função de que por se tratar a Segurança Pública de uma atividade de alto risco, nem sempre foi possível adentrar em alguns prédios, conforme cronograma de visitas elaborado e discutido com as unidades envolvidas. Fato este, que não comprometeu os trabalhos de campo com um atraso significativo.)",2003-01-01,2004-12-31,,1.0003126848166901,"Copel Distribuição S.A., Rua Vicente Machado, Guarapuava, Região Geográfica Imediata de Guarapuava, Região Geográfica Intermediária de Guarapuava, Paraná, Região Sul, 85010-050, Brasil",-25.38696195,-51.474271,Paraná,Guarapuava
52,2024-04-01,ENERGISA MATO GROSSO DO SUL - DISTRIBUIDORA DE ENERGIA S.A.,1171,PE-00404-0054/2001,EFICIENTIZAÇÃO ENERGÉTICA DA INDÚSTRIA AMAGGI EXPORTAÇÃO E IMPORTAÇÃO LTDA.,Industrial,1769.0,,2247.35,218.37,,,2000-01-01,2001-12-31,,4.647438358209246,,,,MATO GROSSO,CUIABÁ
86,2024-04-01,ENERGISA SUL-SUDESTE DISTRIBUIDORA DE ENERGIA S.A.,3710,PE-05216-0086/2020,UNICENTRO,Poder Público,4000.0,0.27,324.64,49.24,Reduzir o consumo e as perdas no tcnicas de energia eltrica,Estaremos realizando medies individuais de um grupo do clientes que possuem a mesma caracterstica de consumo,2020-02-05,2021-02-04,"Para o sistema de Iluminao, foi escolhida a opo A de acordo com o PIMVP, Volume I, EVO 10000-1:2012 (Br). Esta opo foi escolhida devido  facilidade em medir o parmetro chave e para evitar ajustes no-de-rotina que venham ocorrer nos outros equipamentos que no fazem parte deste estudo.",1.2084669249967703,,,,SÃO PAULO,PRESIDENTE PRUDENTE
90,2024-04-01,ENERGISA SUL-SUDESTE DISTRIBUIDORA DE ENERGIA S.A.,3761,PE-05216-0087/2020,UNICENTRO,Poder Público,4000.0,0.31,290.7,44.18,Reduzir o consumo e as perdas não técnicas de energia elétrica,Estaremos realizando medições individuais de um grupo do clientes que possuem a mesma característica de consumo,2020-02-05,2021-02-04,0,1.1826820819018395,,,,SÃO PAULO,PRESIDENTE PRUDENTE
109,2024-04-01,ENERGISA MATO GROSSO DO SUL - DISTRIBUIDORA DE ENERGIA S.A.,1166,PE-00404-0049/2000,Eficientização das Instalações Industriais da ADM do Brasil,Industrial,13238.38,0.81,582.11,70.3,,,1999-01-01,2000-12-31,,1.091606831129314,,,,MATO GROSSO,CUIABÁ
128,2024-04-01,ENERGISA MATO GROSSO DO SUL - DISTRIBUIDORA DE ENERGIA S.A.,1156,PE-00404-0039/2000,Recondutoramento de Redes de Distribuição Urbana,Pelo Lado da Oferta/Perdas,275499.94,,9256.1,1577.06,,,1999-01-01,2000-12-31,,1.0652669518313993,,,,MATO GROSSO,CUIABÁ
137,2024-04-01,RGE SUL DISTRIBUIDORA DE ENERGIA S.A.,575,PE-00396-0021/2005,Educacional,Educacional,94088.39,,1728.0,1315.0,,Projeto em andamento na data da entrega do RF,2004-01-01,2005-12-31,,1.0468078756418058,,,,RIO GRANDE DO SUL,CAXIAS DO SUL
138,2024-04-01,ENERGISA MATO GROSSO DO SUL - DISTRIBUIDORA DE ENERGIA S.A.,1156,PE-00404-0039/2000,Recondutoramento de Redes de Distribuição Urbana,Pelo Lado da Oferta/Perdas,275499.94,0.19,7635.46,1235.12,,,1999-01-01,2000-12-31,,1.0464275630994917,,,,MATO GROSSO,CUIABÁ
147,2024-04-01,COMPANHIA PAULISTA DE FORA E LUZ,3772,PE-00063-0203/2020,Projeto Central de Água Gelada Hospital das Clínicas da Unicamp,Poder Público,36000.0,0.6,906.52,99.88,"Inserir automação para operação otimizada dos sistemas da central de água gelada do Hospital das Clínicas da Unicamp , possibilitando reduzir o consumo de energia elétrica.",O projeto visa instalar instrumentação e sensoriamento em todos os equipamentos da central de água gelada do hospital e a gestão será automatizada na plataforma Oxyn G5. O benefício será revertido em melhorias para a população. Será utilizada a metodologia B do protocolo de medição e verficação internacional (CMVP EVO) para validação dos ganhos energéticos.,2020-04-27,2021-07-27,0,1.035207635908727,,,,SÃO PAULO,SOROCABA
152,2024-04-01,ENERGISA MATO GROSSO DO SUL - DISTRIBUIDORA DE ENERGIA S.A.,1157,PE-00404-0040/2000,Instalação de Bancos Capacitores na Rede de Alta Tensão,Pelo Lado da Oferta/Perdas,680219.0,0.08,14495.0,1450.0,,,1999-01-01,2000-12-31,,1.0232683824674942,,,,MATO GROSSO,CUIABÁ
153,2024-04-01,RGE SUL DISTRIBUIDORA DE ENERGIA S.A.,318,PE-00396-0012/2000,Divisão/Desmembramento de Circuitos Secundários de Distribuição,Pelo Lado da Oferta/Perdas,151000.0,0.0,2396.49,1141.67,,"Substituição Condicionadores de Ar, Lâmpadas, refrigeradores e ventiladores de baixo rendimento energético por equipamentos de alto rendimento energético.",1999-01-01,2000-12-31,,1.0232433696112408,,,,RIO GRANDE DO SUL,CAXIAS DO SUL
154,2024-04-01,ENERGISA MATO GROSSO DO SUL - DISTRIBUIDORA DE ENERGIA S.A.,1161,PE-00404-0044/1999,Gestão Energética - Empresa Sadia S.A.,Industrial,257128.0,,5658.84,362.0,,,1998-01-01,1999-12-31,,1.0232016063887197,,,,MATO GROSSO,CUIABÁ
155,2024-04-01,ENERGISA MATO GROSSO DO SUL - DISTRIBUIDORA DE ENERGIA S.A.,1150,PE-00404-0033/2005,Eficientização de prédios pertencentes à Agência Municipal de serviço de saneamento de Cuiabá,Serviços Públicos,120148.1,,231.14,2579.99,,,2004-01-01,2005-12-31,,1.0231526165364917,,,,MATO GROSSO,CUIABÁ
163,2024-04-01,RGE SUL DISTRIBUIDORA DE ENERGIA S.A.,891,PE-00396-0042/2001,Incentivo a Eficientização das Salas de Aula Municipais,Poder Público,144000.0,,1987.56,1003.8,,,2000-01-01,2001-12-31,,1.0162135053425392,,,,RIO GRANDE DO SUL,CAXIAS DO SUL
166,2024-04-01,ENERGISA MATO GROSSO DO SUL - DISTRIBUIDORA DE ENERGIA S.A.,1153,PE-00404-0036/2004,Prédios Públicos,Poder Público,15552.41,,215.0,85.0,,,2003-01-01,2004-12-31,,1.0122896258857015,,,,MATO GROSSO,CUIABÁ
169,2024-04-01,RGE SUL DISTRIBUIDORA DE ENERGIA S.A.,318,PE-00396-0012/2000,Divisão/Desmembramento de Circuitos Secundários de Distribuição,Pelo Lado da Oferta/Perdas,151000.0,,1900.0,900.0,,"Substituição Condicionadores de Ar, Lâmpadas, refrigeradores e ventiladores de baixo rendimento energético por equipamentos de alto rendimento energético.",1999-01-01,2000-12-31,,1.0103152758080047,,,,RIO GRANDE DO SUL,CAXIAS DO SUL
174,2024-04-01,RGE SUL DISTRIBUIDORA DE ENERGIA S.A.,891,PE-00396-0042/2001,Incentivo a Eficientização das Salas de Aula Municipais,Poder Público,144000.0,0.66,1300.0,1200.0,,,2000-01-01,2001-12-31,,1.007189522936992,,,,RIO GRANDE DO SUL,CAXIAS DO SUL
176,2024-04-01,ENERGISA MATO GROSSO DO SUL - DISTRIBUIDORA DE ENERGIA S.A.,1150,PE-00404-0033/2005,Eficientização de prédios pertencentes à Agência Municipal de serviço de saneamento de Cuiabá,Serviços Públicos,120148.1,,151.21,1895.95,,,2004-01-01,2005-12-31,,1.0063367084715757,,,,MATO GROSSO,CUIABÁ
179,2024-04-01,ENERGISA MATO GROSSO DO SUL - DISTRIBUIDORA DE ENERGIA S.A.,1151,PE-00404-0034/2004,Eficientização Energética nos Prédios Públicos,Poder Público,79699.5,,1226.0,90.0,,,2003-01-01,2004-12-31,,1.0049440179755609,,,,MATO GROSSO,CUIABÁ
180,2024-04-01,RGE SUL DISTRIBUIDORA DE ENERGIA S.A.,893,PE-00396-0044/2006,Sistema de Distribuiçãot:Alimentadores e  Redes Secundárias,Pelo Lado da Oferta/Perdas,1146671.0,,15750.0,3000.0,,,2005-01-01,2006-12-31,,1.0045199845985133,,,,RIO GRANDE DO SUL,CAXIAS DO SUL
191,2024-04-01,ENERGISA MATO GROSSO DO SUL - DISTRIBUIDORA DE ENERGIA S.A.,1157,PE-00404-0040/2000,Instalação de Bancos Capacitores na Rede de Alta Tensão,Pelo Lado da Oferta/Perdas,680219.0,,8510.14,1450.0,,,1999-01-01,2000-12-31,,1.0,,,,MATO GROSSO,CUIABÁ
